"Freq [GHz]","Phi [deg]","Theta [deg]","dB(GainCoPolar) []","dB(GainCrossPolar) []"
25.65,90,-180,-8.1103254311298,-35.5902271776516
25.65,90,-178,-7.58800380352029,-36.3133015125652
25.65,90,-176,-7.51918929352795,-37.0092890717509
25.65,90,-174,-7.76370958136985,-37.1496658869162
25.65,90,-172,-8.20507676745175,-36.7771104004699
25.65,90,-170,-8.74191117966648,-36.3481229076996
25.65,90,-168,-9.29380233302414,-36.1844059136323
25.65,90,-166,-9.80996263860553,-36.3326271318186
25.65,90,-164,-10.266752188092,-36.5808854792899
25.65,90,-162,-10.6479764109755,-36.5285997589507
25.65,90,-160,-10.9159247759634,-35.9562217777541
25.65,90,-158,-10.9927807644719,-35.1305340613372
25.65,90,-156,-10.7830216735557,-34.465087177637
25.65,90,-154,-10.2510721014077,-34.1685780999424
25.65,90,-152,-9.48714780859808,-34.2291294884853
25.65,90,-150,-8.67209613096603,-34.5148869770916
25.65,90,-148,-7.98461523927155,-34.9327298026444
25.65,90,-146,-7.54613832829942,-35.5929675274684
25.65,90,-144,-7.41455943855407,-36.8195793203569
25.65,90,-142,-7.59592689733332,-39.0049777270592
25.65,90,-140,-8.05969043987137,-42.0047651207077
25.65,90,-138,-8.76160867074742,-42.5087402392776
25.65,90,-136,-9.67694462896721,-39.6303701576821
25.65,90,-134,-10.8190804354943,-37.3912072602605
25.65,90,-132,-12.1772411781376,-36.5253235273344
25.65,90,-130,-13.4753378409404,-36.9412675639228
25.65,90,-128,-13.9045487633539,-38.6065278561011
25.65,90,-126,-12.9745698475722,-41.5716290397123
25.65,90,-124,-11.4841096609072,-45.6814790148187
25.65,90,-122,-10.2735935103546,-49.5077775144804
25.65,90,-120,-9.65463300035069,-52.1240874863881
25.65,90,-118,-9.7013827775344,-58.8463704847504
25.65,90,-116,-10.4248284955633,-55.4148691116558
25.65,90,-114,-11.7755869711821,-45.9230912393331
25.65,90,-112,-13.4289298491268,-41.1814681025851
25.65,90,-110,-14.304572487935,-38.3977284290126
25.65,90,-108,-13.3946980313329,-36.7974191756219
25.65,90,-106,-11.6226188292302,-36.0295976533038
25.65,90,-104,-10.0758374618908,-35.8707013987542
25.65,90,-102,-9.07673336503318,-36.1238024289859
25.65,90,-100,-8.66193953171124,-36.5874180212567
25.65,90,-98,-8.82306614541731,-37.1030921970823
25.65,90,-96,-9.55697151949562,-37.6661087001803
25.65,90,-94,-10.8416556554991,-38.4781527431804
25.65,90,-92,-12.4985170460298,-39.887781018888
25.65,90,-90,-13.8253529726278,-42.2976078893155
25.65,90,-88,-13.7047081212479,-45.4401627271364
25.65,90,-86,-12.3278242884369,-44.9312649452326
25.65,90,-84,-10.8131690699965,-41.1028309900334
25.65,90,-82,-9.68239034544909,-38.2607738999267
25.65,90,-80,-9.00219107030841,-36.7496108628966
25.65,90,-78,-8.67654746019782,-36.4200990131889
25.65,90,-76,-8.51200125457446,-37.2408067722649
25.65,90,-74,-8.23255217284188,-39.1808308934221
25.65,90,-72,-7.59712053329494,-41.2535951694833
25.65,90,-70,-6.59281504602634,-40.390335812376
25.65,90,-68,-5.42579180072957,-37.7396761628952
25.65,90,-66,-4.31740361900444,-35.8662692533173
25.65,90,-64,-3.38591808402987,-35.1720007121969
25.65,90,-62,-2.6485304308558,-35.6424994030969
25.65,90,-60,-2.05385189785508,-37.3271469520894
25.65,90,-58,-1.5138703703093,-40.3470287105311
25.65,90,-56,-0.941022207991127,-44.2495180632308
25.65,90,-54,-0.28622192531439,-45.6511527807717
25.65,90,-52,0.445863830475931,-44.4559616951779
25.65,90,-50,1.21563651547392,-44.5531854274974
25.65,90,-48,1.98001360154993,-47.4324692846948
25.65,90,-46,2.71123106526076,-57.8558732454306
25.65,90,-44,3.39892304652018,-49.9914606288943
25.65,90,-42,4.04392988878387,-42.3111745073684
25.65,90,-40,4.65106309153684,-38.2592111244968
25.65,90,-38,5.2236340403755,-35.6553822955852
25.65,90,-36,5.76029636431448,-33.8913133890922
25.65,90,-34,6.25436867833903,-32.7424663838313
25.65,90,-32,6.69554094846441,-32.1362261905303
25.65,90,-30,7.07301894841526,-32.0816694831059
25.65,90,-28,7.3784480361814,-32.6577713430994
25.65,90,-26,7.60719495269729,-34.0435082383841
25.65,90,-24,7.75764097727894,-36.583729295422
25.65,90,-22,7.82934376366309,-40.4238568673627
25.65,90,-20,7.82163583553013,-40.4482759538955
25.65,90,-18,7.73415715481013,-35.4852714692675
25.65,90,-16,7.57007241910692,-31.6630072522035
25.65,90,-14,7.34169361510861,-29.1122012793193
25.65,90,-12,7.07708342632892,-27.4762104127971
25.65,90,-10,6.82446455555163,-26.5637597615942
25.65,90,-8,6.64870657579052,-26.2834601078765
25.65,90,-6,6.61396935785755,-26.5978119872899
25.65,90,-4,6.755631897652,-27.4962952355866
25.65,90,-2,7.06015107384087,-28.9609484468014
25.65,90,0,7.4706409048938,-30.8720182384913
25.65,90,2,7.91177650674307,-32.7659109829006
25.65,90,4,8.31285610353293,-33.7324024242181
25.65,90,6,8.61823087043696,-33.4811820104579
25.65,90,8,8.78811213194919,-32.8112466849147
25.65,90,10,8.79614880624153,-32.2974497578733
25.65,90,12,8.62789174770453,-31.9582392977638
25.65,90,14,8.28226484509448,-31.5760147800181
25.65,90,16,7.77775568106222,-31.0508442762051
25.65,90,18,7.16487317827205,-30.5969836845722
25.65,90,20,6.5424616125103,-30.6103553769904
25.65,90,22,6.06045547108794,-31.5232596615816
25.65,90,24,5.87246977556322,-33.931853095326
25.65,90,26,6.0370380493933,-39.2738380644031
25.65,90,28,6.46812079318427,-46.102492556285
25.65,90,30,7.00303634498952,-37.3052367551227
25.65,90,32,7.49550143822532,-33.2065789308629
25.65,90,34,7.84985790635978,-31.707094331834
25.65,90,36,8.01215689931983,-31.9991801404573
25.65,90,38,7.95299270285924,-34.0757178095078
25.65,90,40,7.65582120830105,-38.7008392709903
25.65,90,42,7.11202444433879,-49.1532244406161
25.65,90,44,6.32180875783524,-44.9376244720325
25.65,90,46,5.30203951549,-40.1764575691118
25.65,90,48,4.10582577100047,-39.2010676977409
25.65,90,50,2.85972235447697,-39.3746263681619
25.65,90,52,1.80158704038547,-38.0542419981399
25.65,90,54,1.22582830815472,-35.3706919888087
25.65,90,56,1.2586833849344,-33.1619994404383
25.65,90,58,1.72667815683643,-31.8933303672799
25.65,90,60,2.34605117968265,-31.474711145219
25.65,90,62,2.91976139302952,-31.7201184874463
25.65,90,64,3.36018475448318,-32.3861057067388
25.65,90,66,3.64487922617493,-33.1488488442017
25.65,90,68,3.77997620206777,-33.6834715528608
25.65,90,70,3.77963497256361,-33.8720008227018
25.65,90,72,3.65542050436075,-33.8572426186584
25.65,90,74,3.41131026677257,-33.8455844602021
25.65,90,76,3.04225039471002,-33.9628122780819
25.65,90,78,2.53486579099231,-34.2544218655513
25.65,90,80,1.86903591865963,-34.7239497575178
25.65,90,82,1.01933009197453,-35.3524175808728
25.65,90,84,-0.04408921301768,-36.0981511924856
25.65,90,86,-1.35446975540333,-36.8955555288045
25.65,90,88,-2.94441479299774,-37.6745052262274
25.65,90,90,-4.82848000433902,-38.3991174524506
25.65,90,92,-6.93986032806609,-39.0724839454894
25.65,90,94,-8.95527908617629,-39.6424614637273
25.65,90,96,-10.1367904051792,-39.8566026837685
25.65,90,98,-10.0101458729378,-39.3744161826591
25.65,90,100,-9.16547865131467,-38.2827895585496
25.65,90,102,-8.3510393893978,-37.1310885223057
25.65,90,104,-7.88915585787866,-36.4339898741275
25.65,90,106,-7.84818490044917,-36.5426548113081
25.65,90,108,-8.1807417097929,-37.8227446247145
25.65,90,110,-8.74373943892744,-41.0192355584531
25.65,90,112,-9.30843095942296,-48.787309997157
25.65,90,114,-9.68916956524343,-48.8369687219941
25.65,90,116,-9.95143489254692,-40.8422537045884
25.65,90,118,-10.406545934091,-37.5701628309578
25.65,90,120,-11.4182288893718,-36.3228179221967
25.65,90,122,-13.3118686001528,-36.123388669785
25.65,90,124,-16.3462475492148,-35.8933384999345
25.65,90,126,-19.8981710213274,-34.7487867679798
25.65,90,128,-19.7373371321826,-33.2348144813055
25.65,90,130,-16.4016930564818,-32.302075386465
25.65,90,132,-13.2329385411684,-32.4227585480298
25.65,90,134,-10.4914085082903,-33.8874610852645
25.65,90,136,-8.21516263022491,-37.1255389559143
25.65,90,138,-6.54427277327059,-42.2919233873341
25.65,90,140,-5.58176567007917,-42.501233340338
25.65,90,142,-5.37048156771563,-38.946225121942
25.65,90,144,-5.88707545120795,-37.5209411303487
25.65,90,146,-6.93660069733757,-37.8908173991816
25.65,90,148,-7.87122177663762,-39.471997592279
25.65,90,150,-7.72930854394608,-41.3159404550054
25.65,90,152,-6.59795558919616,-42.2035451020115
25.65,90,154,-5.4015083682022,-41.8299909603459
25.65,90,156,-4.63742573271521,-40.1255708329159
25.65,90,158,-4.40854819393337,-37.5730053239979
25.65,90,160,-4.70671004097746,-35.3465349376784
25.65,90,162,-5.53890833507453,-34.0684507910845
25.65,90,164,-6.99011028807303,-33.9393579238453
25.65,90,166,-9.30039102872241,-35.1185193526694
25.65,90,168,-13.0943453135851,-37.8969472545893
25.65,90,170,-20.6443669339403,-42.1207124396994
25.65,90,172,-25.734854294577,-42.1288661807821
25.65,90,174,-15.5928734595923,-38.4429883792894
25.65,90,176,-11.4751610854631,-36.2246380470026
25.65,90,178,-9.28539817764005,-35.4171070551023
25.65,90,180,-8.1103254311298,-35.5902271776516
25.87,90,-180,-6.93038063005831,-34.0087699111792
25.87,90,-178,-6.41826660605844,-35.0985616534936
25.87,90,-176,-6.33108249820172,-36.6609701221078
25.87,90,-174,-6.54277995133179,-38.1957305386091
25.87,90,-172,-6.95234259059103,-39.1072650305264
25.87,90,-170,-7.47634319390425,-39.2808229879957
25.87,90,-168,-8.05147252674302,-39.092297653171
25.87,90,-166,-8.63828810004536,-38.7321060083834
25.87,90,-164,-9.21712500702338,-38.0385864212737
25.87,90,-162,-9.77081555353753,-36.9009132378064
25.87,90,-160,-10.2556745168005,-35.5810656215767
25.87,90,-158,-10.5736447910034,-34.4735972897119
25.87,90,-156,-10.5845737959634,-33.8183021900514
25.87,90,-154,-10.2029642321946,-33.6681521332838
25.87,90,-152,-9.50834904053481,-33.9247724596432
25.87,90,-150,-8.71266965017765,-34.3791179016113
25.87,90,-148,-8.02790076865678,-34.8528622541488
25.87,90,-146,-7.58968989752935,-35.4107982521414
25.87,90,-144,-7.45435907432213,-36.3483805831192
25.87,90,-142,-7.61924738711723,-37.8762471036433
25.87,90,-140,-8.04640381441541,-39.4362772204329
25.87,90,-138,-8.69430571235899,-39.1904907685442
25.87,90,-136,-9.55483597275149,-37.3312835489767
25.87,90,-134,-10.6608618691731,-35.7861184989841
25.87,90,-132,-11.9972667289192,-35.222110454996
25.87,90,-130,-13.2292983221051,-35.715719084303
25.87,90,-128,-13.4958755177514,-37.2681433092392
25.87,90,-126,-12.4483279441061,-39.8712035528018
25.87,90,-124,-10.9735503670115,-43.3811783182453
25.87,90,-122,-9.83843563787619,-47.3408103105385
25.87,90,-120,-9.29859791732639,-52.0744941199137
25.87,90,-118,-9.40030379463874,-62.9648692067347
25.87,90,-116,-10.126662122238,-51.362909816154
25.87,90,-114,-11.3816280925043,-44.2668521738878
25.87,90,-112,-12.7955620465852,-40.3902675048211
25.87,90,-110,-13.460533392229,-38.1233545061688
25.87,90,-108,-12.7228660796953,-36.9255346659352
25.87,90,-106,-11.2927371019552,-36.5239963505976
25.87,90,-104,-10.0239168223824,-36.7160632611193
25.87,90,-102,-9.23675811748166,-37.2727013989376
25.87,90,-100,-9.0043109946482,-37.9032738408908
25.87,90,-98,-9.34168136629454,-38.3744135230987
25.87,90,-96,-10.2471113781087,-38.7434910869345
25.87,90,-94,-11.6449254508421,-39.3714114538662
25.87,90,-92,-13.1513422154554,-40.7205108128909
25.87,90,-90,-13.7774529934055,-43.1667798378231
25.87,90,-88,-12.9013016696405,-45.5585204942845
25.87,90,-86,-11.3763756346987,-43.217445210079
25.87,90,-84,-10.047137942614,-39.3525240379827
25.87,90,-82,-9.15931881390908,-36.7240307753438
25.87,90,-80,-8.69137962321785,-35.3271638431323
25.87,90,-78,-8.51264539996477,-35.0189624089606
25.87,90,-76,-8.39930525832715,-35.7655467641511
25.87,90,-74,-8.06522976908244,-37.5237378918528
25.87,90,-72,-7.32265009676129,-39.5565510569389
25.87,90,-70,-6.24359757489826,-39.4041421086374
25.87,90,-68,-5.06346673250629,-37.2599510693584
25.87,90,-66,-3.97869072250644,-35.5414203021824
25.87,90,-64,-3.07439045693918,-34.8995772882785
25.87,90,-62,-2.34437213756377,-35.3616521026471
25.87,90,-60,-1.7252642269339,-36.8812689261451
25.87,90,-58,-1.13082193617215,-39.2095249517444
25.87,90,-56,-0.490794285674665,-41.2772155566735
25.87,90,-54,0.218658379088302,-41.7950401920166
25.87,90,-52,0.97494312663292,-41.9297845515339
25.87,90,-50,1.73629387039748,-43.468486931017
25.87,90,-48,2.46946261530726,-48.2954566327925
25.87,90,-46,3.16072637548927,-60.3844000776425
25.87,90,-44,3.81259752748156,-45.6580554260951
25.87,90,-42,4.43491541438784,-40.075302827837
25.87,90,-40,5.03626804392703,-36.9183679004558
25.87,90,-38,5.61833743624755,-34.8478195885387
25.87,90,-36,6.1740239472253,-33.3982005303775
25.87,90,-34,6.68922031669814,-32.3948249612531
25.87,90,-32,7.14705726562452,-31.8025753925839
25.87,90,-30,7.53262001347211,-31.6599311804546
25.87,90,-28,7.83621457725825,-32.0576896979259
25.87,90,-26,8.05421208576817,-33.1563393789305
25.87,90,-24,8.18768697062068,-35.2353633883409
25.87,90,-22,8.23999000099628,-38.5878284041785
25.87,90,-20,8.21486030629235,-40.6725629827654
25.87,90,-18,8.11656289335044,-36.6937660700696
25.87,90,-16,7.95281599859529,-32.6196693551411
25.87,90,-14,7.74012391936345,-29.8568199095774
25.87,90,-12,7.50966677230101,-28.0864786034202
25.87,90,-10,7.30992449975531,-27.0796893447854
25.87,90,-8,7.20036064244159,-26.7113934224097
25.87,90,-6,7.23260258341593,-26.9073424778366
25.87,90,-4,7.42604849969601,-27.6029296705729
25.87,90,-2,7.75575489088786,-28.692966212991
25.87,90,0,8.16301102324173,-29.9573154580594
25.87,90,2,8.57806214359107,-31.0257683171648
25.87,90,4,8.93795513098417,-31.592367394879
25.87,90,6,9.19358107513941,-31.7623377480108
25.87,90,8,9.30973450144207,-31.9070208259295
25.87,90,10,9.26339913699372,-32.2454716014946
25.87,90,12,9.04344544965087,-32.6409905498951
25.87,90,14,8.65355708867487,-32.6303123471051
25.87,90,16,8.12001390719596,-31.9616512902712
25.87,90,18,7.50516862020035,-31.0857809340708
25.87,90,20,6.92122534948636,-30.6644861427956
25.87,90,22,6.52157573182749,-31.194139169047
25.87,90,24,6.43713575001932,-33.2085775317444
25.87,90,26,6.68381492731811,-37.9119600016874
25.87,90,28,7.1477635949368,-45.5790311672179
25.87,90,30,7.6686883799058,-37.3354513054662
25.87,90,32,8.11654634624254,-32.7855485224625
25.87,90,34,8.4100450997231,-30.9610914999211
25.87,90,36,8.50373325039136,-30.9017820613237
25.87,90,38,8.372032169943,-32.4477942452877
25.87,90,40,7.99938685835359,-35.9435887061643
25.87,90,42,7.37708337359106,-42.8464955066463
25.87,90,44,6.50660084528296,-52.5217883933479
25.87,90,46,5.41212948265846,-44.5577631003228
25.87,90,48,4.16908534682795,-42.2865904955118
25.87,90,50,2.95191202613465,-40.6535949654332
25.87,90,52,2.05671838813231,-37.2975347500631
25.87,90,54,1.76260142858831,-34.0143016987678
25.87,90,56,2.06385678141696,-31.7722840118316
25.87,90,58,2.68258427055315,-30.5391786495875
25.87,90,60,3.33973095001441,-30.1289267328586
25.87,90,62,3.88148794706477,-30.3441992791659
25.87,90,64,4.25199043150152,-30.9547012325895
25.87,90,66,4.44545412983612,-31.6766443816305
25.87,90,68,4.47699677975635,-32.2399224044884
25.87,90,70,4.36750255932304,-32.5388776353217
25.87,90,72,4.13529545661662,-32.6705867941655
25.87,90,74,3.79130671951135,-32.7955048237956
25.87,90,76,3.33674177058344,-33.0215729058922
25.87,90,78,2.76281059513033,-33.3924636021135
25.87,90,80,2.05180634917408,-33.9121298448761
25.87,90,82,1.17851417987598,-34.5567973172323
25.87,90,84,0.110949761035005,-35.270256807646
25.87,90,86,-1.19033424431471,-35.9633686313474
25.87,90,88,-2.77476599698641,-36.5494763446411
25.87,90,90,-4.70518187539276,-37.0168542324295
25.87,90,92,-7.05403285043325,-37.467461126746
25.87,90,94,-9.84478107715947,-38.0612029958937
25.87,90,96,-12.7169491533819,-38.9000350328067
25.87,90,98,-14.1548837119504,-39.8791139031115
25.87,90,100,-13.2017253045818,-40.553966935365
25.87,90,102,-11.5393727734208,-40.4782924069524
25.87,90,104,-10.2479883411273,-39.9763452682507
25.87,90,106,-9.47237432004438,-39.8605722375773
25.87,90,108,-9.10326030865028,-40.8534333518601
25.87,90,110,-8.95536630936603,-43.9325951271613
25.87,90,112,-8.83525732103883,-53.1864484293839
25.87,90,114,-8.65944207535554,-50.6725855568066
25.87,90,116,-8.53840399649284,-42.0138202417324
25.87,90,118,-8.70959820870032,-38.4392351219867
25.87,90,120,-9.42048232286174,-36.7737723387352
25.87,90,122,-10.8811137771011,-36.0140735670444
25.87,90,124,-13.2247626132174,-35.3082079544484
25.87,90,126,-16.1325249946914,-34.1510335120079
25.87,90,128,-17.5222694903127,-32.8876370020744
25.87,90,130,-15.8600235421807,-32.1365810343651
25.87,90,132,-13.296205665293,-32.2809911962215
25.87,90,134,-10.8013391501677,-33.5440854525131
25.87,90,136,-8.56752347554352,-36.0388516607487
25.87,90,138,-6.80678316300172,-38.9805577176706
25.87,90,140,-5.68896637771947,-39.1463413966372
25.87,90,142,-5.29778305505347,-37.3272266615873
25.87,90,144,-5.64093275868514,-36.3500252496836
25.87,90,146,-6.59207010069841,-36.5426339954707
25.87,90,148,-7.66309976166878,-37.530062508732
25.87,90,150,-7.90860293324269,-38.6532140357741
25.87,90,152,-7.02659629229911,-39.189894317471
25.87,90,154,-5.83950530397422,-38.6980147404058
25.87,90,156,-4.99006989309832,-37.1351063313501
25.87,90,158,-4.66315100962477,-35.1406029886124
25.87,90,160,-4.88084277311151,-33.5310721576907
25.87,90,162,-5.66751418172863,-32.7633364498165
25.87,90,164,-7.13029121387037,-33.0741824176323
25.87,90,166,-9.55753766366508,-34.7283112420843
25.87,90,168,-13.741532632122,-38.2163848796722
25.87,90,170,-23.2425328601589,-43.0506982282168
25.87,90,172,-22.2538602626038,-40.5902961398589
25.87,90,174,-13.7906025765531,-36.498554920653
25.87,90,176,-10.0840893513926,-34.3902318125573
25.87,90,178,-8.04699797261331,-33.6884195976407
25.87,90,180,-6.93038063005831,-34.0087699111792
26.22,90,-180,-6.78658406490345,-33.0208171868294
26.22,90,-178,-6.31285552287125,-34.0711647837219
26.22,90,-176,-6.22622298892684,-35.8004803177546
26.22,90,-174,-6.41836995679821,-38.1614534143505
26.22,90,-172,-6.80605017242365,-41.1480736634711
26.22,90,-170,-7.32552495652771,-44.617663299913
26.22,90,-168,-7.93238028245899,-46.8059026930312
26.22,90,-166,-8.60104509241089,-44.6130744232283
26.22,90,-164,-9.31870415210429,-41.0009350376585
26.22,90,-162,-10.0686017618308,-38.0344146764407
26.22,90,-160,-10.79832502161,-35.8977216746287
26.22,90,-158,-11.3785372787681,-34.5430311491586
26.22,90,-156,-11.6027353495328,-33.913922941021
26.22,90,-154,-11.3207448256245,-33.9274417732251
26.22,90,-152,-10.6203715184377,-34.4146175435707
26.22,90,-150,-9.77601772056906,-35.0700395694989
26.22,90,-148,-9.04302770552573,-35.5718624419431
26.22,90,-146,-8.56441646374233,-35.9046036405625
26.22,90,-144,-8.38630106546898,-36.3573357503022
26.22,90,-142,-8.49500329657286,-37.0640536519004
26.22,90,-140,-8.85239319886765,-37.5833766212627
26.22,90,-138,-9.43377396982058,-37.1705306380151
26.22,90,-136,-10.2573791746796,-36.0511670289197
26.22,90,-134,-11.3679198391651,-35.1169005647171
26.22,90,-132,-12.7134220714409,-34.8607886642078
26.22,90,-130,-13.8434244540525,-35.418919907237
26.22,90,-128,-13.8521787400226,-36.7947790594478
26.22,90,-126,-12.6489646306508,-38.9301124802749
26.22,90,-124,-11.1998679670009,-41.7354673210504
26.22,90,-122,-10.1493112332251,-45.3134023733594
26.22,90,-120,-9.68055825276377,-50.7913787712834
26.22,90,-118,-9.81015522597407,-57.5199014667981
26.22,90,-116,-10.5017578770882,-48.4083570588971
26.22,90,-114,-11.6453863416578,-43.1389841343735
26.22,90,-112,-12.9090838343249,-40.2008825921941
26.22,90,-110,-13.5788682701493,-38.6223540140334
26.22,90,-108,-13.1168275495367,-38.0374798306502
26.22,90,-106,-11.9918096904697,-38.2624176128479
26.22,90,-104,-10.9378895368004,-39.1369755895808
26.22,90,-102,-10.3103527249199,-40.3613096408952
26.22,90,-100,-10.2207309992991,-41.3402716614746
26.22,90,-98,-10.6938979139241,-41.5605324780677
26.22,90,-96,-11.6908773428811,-41.3685991332965
26.22,90,-94,-12.9917884777443,-41.5533591636767
26.22,90,-92,-13.9384984730687,-42.6848731475594
26.22,90,-90,-13.6997341504508,-44.8852568391632
26.22,90,-88,-12.4958877874206,-45.7328377427801
26.22,90,-86,-11.1945764154732,-42.2870914969655
26.22,90,-84,-10.2432009923491,-38.666848661477
26.22,90,-82,-9.72184308209187,-36.2631372105044
26.22,90,-80,-9.55429422371284,-34.9794712490058
26.22,90,-78,-9.56122270508661,-34.7066885682382
26.22,90,-76,-9.46311655968057,-35.4316101267764
26.22,90,-74,-8.97919434766844,-37.1550715649677
26.22,90,-72,-8.04546405868208,-39.3936450880437
26.22,90,-70,-6.85921014277605,-39.9384861152496
26.22,90,-68,-5.6679386259055,-38.0673870919616
26.22,90,-66,-4.61746461485164,-36.2528439617896
26.22,90,-64,-3.74428945274858,-35.3999605470545
26.22,90,-62,-3.01126429666701,-35.4991763949674
26.22,90,-60,-2.34251525361088,-36.3335157346596
26.22,90,-58,-1.66082138487976,-37.4879588429374
26.22,90,-56,-0.924433269307693,-38.4472323413966
26.22,90,-54,-0.141626756236833,-39.1986101880511
26.22,90,-52,0.647915682531851,-40.4636712911634
26.22,90,-50,1.40481368812258,-43.3522002527942
26.22,90,-48,2.10973256984374,-50.7634842740973
26.22,90,-46,2.76544522752489,-55.3066810615845
26.22,90,-44,3.38826194707121,-43.9901436815694
26.22,90,-42,3.99644491615269,-39.723516628633
26.22,90,-40,4.60049459902945,-37.3970030854183
26.22,90,-38,5.19814532800245,-35.9424507897136
26.22,90,-36,5.77499782630886,-34.8929832669866
26.22,90,-34,6.3095357871155,-34.0553676064372
26.22,90,-32,6.77975277758481,-33.4234640880196
26.22,90,-30,7.16864735294878,-33.090026322413
26.22,90,-28,7.46707171161039,-33.1834291441553
26.22,90,-26,7.67378390765596,-33.8574837754195
26.22,90,-24,7.79344550779998,-35.3099600328935
26.22,90,-22,7.8337801595666,-37.7110003881756
26.22,90,-20,7.80334209134965,-40.108493861536
26.22,90,-18,7.71125260781467,-38.5793638940098
26.22,90,-16,7.56962541302069,-34.9283656729229
26.22,90,-14,7.39816341620662,-32.0547785605511
26.22,90,-12,7.22869791456173,-30.1230398920111
26.22,90,-10,7.10557638152514,-28.9409122930268
26.22,90,-8,7.07726064097689,-28.3546969166254
26.22,90,-6,7.17866884874836,-28.2447665953738
26.22,90,-4,7.41327513667273,-28.4943616069457
26.22,90,-2,7.74868358354264,-28.9674194430627
26.22,90,0,8.12899760433656,-29.5148037853243
26.22,90,2,8.49302740941523,-30.0299216000512
26.22,90,4,8.78680468296184,-30.5245751962364
26.22,90,6,8.96800470467351,-31.1413181234028
26.22,90,8,9.00588606431995,-32.0859615279325
26.22,90,10,8.88072612974753,-33.5272358599127
26.22,90,12,8.58526111248003,-35.3394833605892
26.22,90,14,8.12979684397819,-36.3545918197446
26.22,90,16,7.55233053402089,-35.1918249996436
26.22,90,18,6.93267884900846,-33.2444420608068
26.22,90,20,6.39967373210448,-31.9950292402841
26.22,90,22,6.1030309857183,-31.9165097630627
26.22,90,24,6.13297297641917,-33.3582185759809
26.22,90,26,6.45064800975704,-37.1967162211635
26.22,90,28,6.9175438175604,-45.1681536538414
26.22,90,30,7.38367583456463,-39.2017345087207
26.22,90,32,7.73993596708167,-33.856299215768
26.22,90,34,7.9212241839385,-31.5853164662347
26.22,90,36,7.89136456579268,-31.1595393913036
26.22,90,38,7.62927419149843,-32.2805966922725
26.22,90,40,7.12147797885526,-35.0810834438842
26.22,90,42,6.36174136145613,-40.2649330620869
26.22,90,44,5.35987024595197,-50.2906567663336
26.22,90,46,4.16593444160641,-50.5502517720879
26.22,90,48,2.91839164840357,-45.2622503769441
26.22,90,50,1.89512957962917,-41.1578544585985
26.22,90,52,1.43796355258444,-36.9225052027807
26.22,90,54,1.65602998772708,-33.6503865418174
26.22,90,56,2.30185287914609,-31.5210267063072
26.22,90,58,3.04709012348018,-30.3655674818891
26.22,90,60,3.68924988980646,-29.9929094042133
26.22,90,62,4.14515860577379,-30.2169340746442
26.22,90,64,4.39527627248845,-30.8280610986505
26.22,90,66,4.44854362722437,-31.5797163611789
26.22,90,68,4.32583082568325,-32.239577115773
26.22,90,70,4.05188232351586,-32.6957896478041
26.22,90,72,3.6502953486908,-32.9912987329392
26.22,90,74,3.13961031272041,-33.2351905875683
26.22,90,76,2.53032920111711,-33.5151321469219
26.22,90,78,1.82327172838784,-33.8797815481632
26.22,90,80,1.00955695870961,-34.3499723455275
26.22,90,82,0.0720344099707189,-34.9172310831005
26.22,90,84,-1.01247933872802,-35.5248981511719
26.22,90,86,-2.27116056475995,-36.0561075208289
26.22,90,88,-3.73479006946211,-36.3754631322806
26.22,90,90,-5.44146935621299,-36.4383661949242
26.22,90,92,-7.44903587452695,-36.3605314239048
26.22,90,94,-9.86521316344602,-36.3525289313253
26.22,90,96,-12.9161526434342,-36.6148507211062
26.22,90,98,-17.1098692581858,-37.2955427080261
26.22,90,100,-23.3327382716377,-38.4910256136083
26.22,90,102,-24.4178950519472,-40.2393202151392
26.22,90,104,-18.7861946848505,-42.4823338279073
26.22,90,106,-15.2209564975119,-45.0717142139359
26.22,90,108,-12.9057889947604,-48.1390608074647
26.22,90,110,-11.2308827946892,-53.1359969369703
26.22,90,112,-9.91093858140955,-58.409091675018
26.22,90,114,-8.86202161914037,-48.7531290874646
26.22,90,116,-8.13460808203272,-43.3143967827555
26.22,90,118,-7.84160084271733,-40.1362135872315
26.22,90,120,-8.10636026806623,-38.1710504576523
26.22,90,122,-9.04098555623221,-36.8294664663672
26.22,90,124,-10.7209423481834,-35.6679535846159
26.22,90,126,-13.0503980773268,-34.5174813917768
26.22,90,128,-15.26035181968,-33.5537691609092
26.22,90,130,-15.7147143860784,-33.0751215278284
26.22,90,132,-14.3473581629243,-33.3033897535077
26.22,90,134,-12.3639483177126,-34.3175611095397
26.22,90,136,-10.302924039269,-35.8821643312854
26.22,90,138,-8.48404738811434,-37.0226498967136
26.22,90,140,-7.18520204487581,-36.7439426671433
26.22,90,142,-6.57404158304175,-35.8576274119278
26.22,90,144,-6.72021290878739,-35.412846644338
26.22,90,146,-7.59295527341224,-35.6437498028749
26.22,90,148,-8.90333829137175,-36.3513022551364
26.22,90,150,-9.7657744973904,-37.1242334628124
26.22,90,152,-9.27291987591109,-37.4508044472272
26.22,90,154,-7.99728956658745,-36.8951732420669
26.22,90,156,-6.89278407942845,-35.5123127862334
26.22,90,158,-6.31265490513576,-33.9410397824511
26.22,90,160,-6.32073645431766,-32.8141271459608
26.22,90,162,-6.95220734230681,-32.5030872507328
26.22,90,164,-8.3203972856269,-33.2752114665189
26.22,90,166,-10.7127128847931,-35.5317461291416
26.22,90,168,-14.8208113564448,-40.215843222619
26.22,90,170,-21.3234079597501,-45.9270490135978
26.22,90,172,-18.0462123293249,-39.6793975032523
26.22,90,174,-12.6659073515736,-35.4524115357924
26.22,90,176,-9.59847834306226,-33.435456744119
26.22,90,178,-7.79958639604124,-32.7483375890217
26.22,90,180,-6.78658406490345,-33.0208171868294
